Store,AverageSales,AverageCustomers
1,4759.096030729834,564.0499359795134
2,4953.900510204082,583.9987244897959
3,6942.568677792041,750.0770218228498
4,9638.401785714286,1321.7525510204082
5,4676.274711168165,537.3401797175867
6,5509.946153846154,635.2346153846154
7,8817.050890585242,948.5610687022901
8,5539.3584183673465,658.1977040816327
9,6562.337612323492,579.8164313222079
10,5568.4209183673465,593.9553571428571
11,8030.977040816327,1130.091836734694
12,7589.598214285715,896.952806122449
13,5034.747181964573,382.8341384863124
14,5508.567394094994,631.4672657252888
15,6672.844387755102,663.4017857142857
16,7680.683397683398,852.4774774774775
17,6335.6624040920715,791.6751918158568
18,6560.277493606138,713.2800511508951
19,6464.915275994866,624.6700898587933
20,7756.9353796445885,848.5589660743134
21,5482.320463320463,516.3616473616473
22,4525.857835218094,504.2471728594507
23,5520.281129653402,482.43645699614893
24,9388.28626444159,835.4300385109115
25,11139.038563829787,1566.186170212766
26,6671.695652173913,556.0728900255755
27,9478.57381258023,1074.7586649550706
28,5293.060959792478,581.3177691309987
29,7364.775353016688,653.7008985879332
30,5294.782496782497,777.1274131274131
31,5862.427295918367,586.0510204081633
32,4067.8212560386473,477.1867954911433
33,8436.659820282413,836.3093709884467
34,8031.485969387755,993.4591836734694
35,9703.071887034659,729.6546854942234
36,9363.638263665594,1090.3183279742766
37,7114.170512820513,781.0910256410257
38,6004.643132220795,535.3453145057766
39,4852.571245186136,629.6161745827984
40,4902.3389175257735,663.8208762886597
41,5335.059485530546,397.959807073955
42,10178.136071887035,1100.0487804878048
43,6822.9139922978175,610.1591784338896
44,5478.5,640.0586734693877
45,5348.469833119384,415.38125802310657
46,5352.290996784566,660.5016077170418
47,7145.102040816327,920.6505102040817
48,3934.966836734694,429.2334183673469
49,7304.113256113256,531.7078507078508
50,4256.070603337613,358.7997432605905
51,6675.286173633441,496.9871382636656
52,7407.945337620578,503.4983922829582
53,5264.807397959184,566.7091836734694
54,7907.538853503184,730.4789808917197
55,4598.989743589744,558.9641025641025
56,7321.754161331626,506.93854033290654
57,10591.73116883117,988.5207792207792
58,6336.158908507223,513.1476725521669
59,5501.312020460358,564.0153452685422
60,8033.087179487179,713.473076923077
61,4722.005148005148,571.7387387387388
62,6503.86649550706,717.9833119383825
63,6956.3877551020405,638.8520408163265
64,10359.525032092426,792.8536585365854
65,5112.8948717948715,455.9
66,6114.360360360361,524.056628056628
67,7828.930501930502,798.3230373230373
68,7563.252551020408,1151.954081632653
69,9426.451984635083,1183.663252240717
70,6608.028132992327,679.0971867007672
71,9061.09756097561,746.9204107830552
72,4420.025682182985,474.86035313001605
73,4576.978316326531,494.13520408163265
74,6256.630154639175,854.2229381443299
75,6023.4540816326535,642.140306122449
76,8999.54735152488,928.0963081861959
77,7621.489116517286,662.8335467349552
78,3717.473076923077,494.85897435897436
79,5474.240669240669,560.4877734877734
80,7616.2734274711165,577.7458279845956
81,6985.688102893891,561.4983922829582
82,9019.653401797175,838.5596919127086
83,3887.7060333761233,345.8395378690629
84,12955.997432605905,1392.3106546854942
85,7272.454352441614,1015.4012738853503
86,4695.021850899743,604.9601542416452
87,5865.161989795918,737.4477040816327
88,6024.433333333333,613.4910256410257
89,5971.33922829582,624.1752411575562
90,8416.768637532134,1057.060411311054
91,5559.002570694088,613.9305912596401
92,5996.684210526316,547.0577663671373
93,5965.175866495507,603.5545571245186
94,7121.14377406932,640.1437740693196
95,7638.54358974359,843.7192307692308
96,5176.888461538461,542.774358974359
97,6703.3961538461535,688.8307692307692
98,5109.863928112965,451.5853658536585
99,5130.520900321543,465.5209003215434
100,7964.412541254125,686.2194719471947
101,7469.877551020408,777.155612244898
102,7061.162127107653,1048.9857328145265
103,4689.497622820919,421.6164817749604
104,10126.536989795919,1312.3775510204082
105,4441.3673740053055,515.0490716180371
106,8668.81935483871,825.6477419354839
107,7336.589285714285,955.3112244897959
108,11035.360128617363,848.7813504823151
109,6464.323979591837,742.3762755102041
110,4534.429846938776,587.4387755102041
111,6771.745198463508,597.6747759282971
112,6229.448979591837,775.9936224489796
113,7199.077170418006,699.3135048231511
114,5346.559948979592,608.125
115,7371.689710610933,552.0450160771704
116,7294.54533844189,758.2477650063857
117,3881.956354300385,492.06546854942235
118,7781.606138107417,675.5460358056266
119,6005.085459183673,664.9642857142857
120,7110.102432778489,638.1959026888604
121,4453.171794871795,504.1128205128205
122,6462.014689265537,793.780790960452
123,8399.204427083334,959.77734375
124,4424.1463414634145,525.6829268292682
125,11836.848214285714,1573.9413265306123
126,6507.75353016688,543.8125802310655
127,5238.154093097914,659.7479935794543
128,7454.672215108835,594.6824583866837
129,9208.120578778135,1165.4630225080386
130,5121.062740076824,573.7451984635084
131,5275.404364569961,558.8973042362003
132,6283.255627009647,582.4051446945338
133,6467.759590792839,758.8273657289003
134,4725.8915816326535,494.5969387755102
135,5952.416133162612,539.7810499359795
136,5488.818327974276,423.98070739549837
137,8274.98231511254,957.2813504823151
138,7334.917948717949,714.4435897435898
139,6464.1495176848875,513.8151125401929
140,7469.049935979513,963.6120358514725
141,5540.741312741313,611.8983268983269
142,4603.965340179718,568.7355584082156
143,6314.756097560976,582.0423620025674
144,7718.2064,728.8896
145,8342.263157894737,1267.7861842105262
146,7812.83055198973,702.4223363286264
147,8212.558408215662,879.6161745827984
148,8638.96556122449,819.4770408163265
149,5567.483922829582,486.21864951768487
150,8417.24107142857,820.3966836734694
151,6755.764102564102,652.0076923076923
152,5541.939666238768,621.403080872914
153,7066.812580231065,633.8793324775353
154,8737.57362355954,737.4302176696543
155,6886.852327447833,660.3081861958267
156,6961.611253196931,712.6202046035805
157,9722.790757381257,989.8305519897305
158,8156.865211810013,519.9845956354301
159,7748.60834670947,695.9727126805778
160,5730.658130601792,559.1843790012804
161,7252.598202824133,819.2182284980745
162,7768.131882202305,555.6952624839948
163,7298.706632653061,870.8048469387755
164,6210.218298555377,633.4333868378812
165,3996.8344051446948,422.65434083601286
166,5819.24646983312,817.2682926829268
167,9295.779487179487,1055.1846153846154
168,7517.148005148005,731.2445302445302
169,7218.92819843342,687.9164490861618
170,5009.441591784339,543.7625160462131
171,8429.147625160462,867.2451861360719
172,6981.672025723473,868.9019292604502
173,8232.783163265307,1006.5369897959183
174,5936.540192926045,479.5225080385852
175,5784.548469387755,690.7079081632653
176,5278.177150192554,631.9987163029525
177,3994.096153846154,485.2769230769231
178,10089.92564102564,923.5653846153846
179,7295.274711168165,955.8318356867779
180,7220.061224489796,843.2385204081633
181,6382.698234349919,668.7897271268058
182,5304.654289372599,417.79385403329064
183,4821.335515548281,601.0360065466449
184,6594.2972972972975,595.6679536679536
185,7170.617346938776,545.2283163265306
186,3783.83922829582,381.0594855305466
187,6279.7334183673465,775.7079081632653
188,4986.952503209242,438.2400513478819
189,8762.929396662388,837.1258023106546
190,7198.954983922829,656.104501607717
191,6838.9372990353695,713.8585209003215
192,9016.834405144695,645.4131832797427
193,5362.036036036036,781.6589446589446
194,4829.492921492922,417.6499356499356
195,10713.17971758665,1298.4403080872914
196,5216.3363171355495,696.8529411764706
197,6846.668367346939,842.280612244898
198,2900.6048593350383,338.4782608695652
199,7955.697047496791,624.5827984595635
200,7729.5442875481385,967.6534017971759
201,5249.351732991014,444.21566110397947
202,6065.797695262484,509.39180537772086
203,6775.240409207161,882.5498721227622
204,5486.247588424438,524.1784565916398
205,6536.820153061224,879.1862244897959
206,7157.551989730424,799.9050064184852
207,11184.206632653062,1300.3813775510205
208,2936.2908163265306,413.4719387755102
209,5587.78231292517,577.1916099773242
210,3193.98459563543,326.25930680359437
211,12994.345663265307,1485.8048469387754
212,4775.656887755102,460.7576530612245
213,8131.0410783055195,652.6662387676508
214,9331.875481386392,715.4505776636714
215,6313.492753623188,490.28341384863126
216,7226.775773195876,887.6726804123712
217,4700.8877551020405,642.8801020408164
218,5018.577170418006,696.3987138263666
219,3133.712451861361,406.4441591784339
220,4906.432989690722,644.6237113402062
221,5821.838010204082,552.75
222,4982.456632653061,561.5637755102041
223,7232.875959079284,738.7161125319693
224,6629.749034749035,478.66023166023166
225,5197.0,556.3260869565217
226,7257.290653008963,703.01152368758
227,6020.447916666667,561.15625
228,7946.139922978177,593.1168164313223
229,8645.36328626444,734.2516046213094
230,7561.640306122449,940.2270408163265
231,4770.279742765273,394.5016077170418
232,3372.351174934726,303.8355091383812
233,9431.089628681179,1031.6658130601793
234,11072.315789473685,1024.721437740693
235,5935.44814340589,501.12932138284253
236,7119.563775510204,864.7882653061224
237,4535.991071428572,574.7308673469388
238,7661.718015665796,1101.3577023498694
239,5071.210526315789,472.0680359435173
240,4812.035714285715,459.75382653061223
241,6583.227214377407,704.7188703465982
242,4093.0947503201023,365.84635083226635
243,7074.07062600321,953.4670947030497
244,5271.098844672657,540.3427471116817
245,8897.663252240716,1020.7567221510883
246,7081.054846938776,937.2997448979592
247,8576.710627400767,683.966709346991
248,8362.170918367347,1112.5357142857142
249,5285.823979591837,537.734693877551
250,8470.623559539052,657.9385403329065
251,19123.068035943517,2450.4929396662387
252,10615.512195121952,809.630295250321
253,5746.724005134788,690.7137355584082
254,3005.9833119383825,258.6739409499358
255,6271.130937098845,640.3632862644416
256,9832.87886597938,1247.194587628866
257,5335.585459183673,632.0102040816327
258,5642.096463022508,493.88585209003213
259,11643.638412017168,2372.296137339056
260,6559.997448979592,911.4489795918367
261,12616.487804878048,948.9345314505777
262,20718.51592356688,3402.0106157112527
263,3707.516077170418,355.85530546623795
264,7234.240157480315,954.3753280839895
265,4954.829268292683,503.25545571245186
266,4389.757692307692,531.3884615384616
267,9289.160714285714,1124.515306122449
268,4881.173469387755,598.0293367346939
269,9346.706033376124,1231.1001283697049
270,9291.623724489797,1205.0676020408164
271,7841.691025641026,791.8602564102564
272,6237.314980793854,629.5608194622279
273,7059.648267008986,703.6521181001284
274,4070.8283261802576,992.7414163090128
275,7443.842443729904,749.2974276527331
276,4091.1948717948717,520.9487179487179
277,6444.519292604502,535.2459807073955
278,7142.1670918367345,792.5994897959183
279,8881.08988764045,667.5329052969503
280,6267.489060489061,521.0592020592021
281,5860.617346938776,549.6543367346939
282,4408.584183673469,640.983418367347
283,7114.1591639871385,718.3263665594856
284,5413.250803858521,449.93247588424435
285,5154.924455825864,470.2381562099872
286,4927.8202824133505,430.45571245186136
287,8152.400321543409,818.9983922829582
288,5625.733118971061,422.5176848874598
289,6321.227912932139,553.7093469910371
290,7014.1578947368425,682.7060333761233
291,8023.039743589744,840.35
292,5774.090078328982,706.5221932114882
293,6257.765006385696,815.3754789272031
294,5770.280409731114,766.0243277848912
295,5285.4311454311455,670.980694980695
296,6963.460947503201,754.8079385403329
297,6992.070785070785,719.9305019305019
298,8398.617363344052,691.2845659163987
299,6235.306122448979,682.8287981859411
300,7077.595907928388,878.6918158567775
301,5538.441326530612,596.1428571428571
302,3742.2842509603074,323.3393085787452
303,6180.086049543676,673.122555410691
304,7067.702806122449,1055.938775510204
305,5347.341869398208,507.4583866837388
306,4368.86655948553,467.87942122186496
307,2703.7365728900254,307.8056265984655
308,9353.162760416666,938.48046875
309,6971.319640564827,591.0320924261874
310,8236.363433667782,699.670011148272
311,6638.587708066581,789.1587708066581
312,5568.157490396927,538.6530089628682
313,7075.494884910486,707.0140664961637
314,5137.715019255455,571.2580231065468
315,4252.410714285715,449.57270408163265
316,9855.62516046213,901.8382541720154
317,5379.4855305466235,579.3183279742765
318,7527.716666666666,658.7461538461539
319,7787.076530612245,843.6849489795918
320,14834.461734693878,2063.123724489796
321,5958.317948717949,585.4641025641025
322,5021.1726342711,547.8670076726343
323,7365.359435173299,621.1424903722722
324,5687.985897435898,721.7346153846154
325,6484.645699614891,673.0603337612323
326,5008.903722721438,418.74197689345317
327,7728.242930591259,929.4832904884319
328,4432.029525032092,520.3992297817715
329,6912.716302952504,620.5211810012837
330,4166.6379974326055,447.5545571245186
331,6160.85622593068,820.2053915275994
332,3728.5666666666666,501.4974358974359
333,9773.190051020409,1267.109693877551
334,5428.385109114249,562.1399229781772
335,13313.93949044586,2385.2823779193204
336,13910.661538461538,1960.3115384615385
337,5049.653008962868,383.93085787451986
338,7217.95390524968,624.7311139564661
339,5133.638888888889,679.3597883597884
340,6485.642857142857,715.0382653061224
341,5511.534017971759,750.1347881899871
342,11104.138486312399,849.7342995169082
343,7199.365853658536,702.1591784338896
344,8481.108418367347,1139.4107142857142
345,4559.585209003216,494.37781350482317
346,6830.500641848524,619.6983311938383
347,4804.190476190476,386.68468468468467
348,8802.97487437186,735.5577889447236
349,8159.215714285714,829.59
350,7013.133162612035,529.4135723431498
351,6046.867779204108,518.8241335044929
352,6692.232142857143,636.954081632653
353,5645.298603651987,1449.5273899033298
354,8390.581514762516,705.4518613607189
355,9148.811224489797,1101.6632653061224
356,5719.281853281854,435.8018018018018
357,7795.470052083333,1017.171875
358,10306.111681643133,1122.591784338896
359,6851.255455712452,611.9499358151476
360,6935.459183673469,756.5408163265306
361,6266.883333333333,637.8230769230769
362,9376.65556978233,1150.6184379001281
363,7134.2002551020405,937.0854591836735
364,4553.114137483787,567.6264591439689
365,5440.594202898551,587.2061191626409
366,6196.76282051282,600.9282051282051
367,5254.238520408163,542.7895408163265
368,9686.268983268983,712.8803088803089
369,6856.559539052497,577.2855313700384
370,7649.643132220795,635.6328626444159
371,6889.756722151088,544.4110115236875
372,8786.206675224646,759.2991014120668
373,4530.5032175032175,316.5444015444015
374,7009.673469387755,829.7359693877551
375,9164.384615384615,758.975641025641
376,8460.12015503876,949.9612403100775
377,7818.526785714285,969.4145408163265
378,6324.801026957638,970.1566110397946
379,3902.220663265306,467.5395408163265
380,14456.580231065469,1380.4557124518615
381,9001.555128205127,965.1910256410256
382,7985.847435897436,651.2410256410257
383,17294.716666666667,2205.4474358974358
384,8871.575447570332,998.8554987212276
385,7348.519292604502,654.5530546623794
386,8029.541720154044,645.3966623876765
387,9362.590078328982,1195.8015665796345
388,10257.920410783056,1096.4454428754814
389,10337.401785714286,1265.4107142857142
390,11568.65641025641,1067.3897435897436
391,5719.555989583333,690.5260416666666
392,7279.428754813864,718.0821566110397
393,5903.06675224647,587.2567394094993
394,8353.245838668374,661.8719590268886
395,3989.1347881899874,519.6546854942234
396,10222.092307692308,1077.9089743589743
397,5574.883183568678,750.2156611039794
398,5496.522959183673,614.6160714285714
399,5558.84887459807,564.9823151125402
400,8745.718670076727,1200.6496163682864
401,7026.532051282052,646.8448717948718
402,5857.991025641026,615.4269230769231
403,7468.523748395379,736.6867779204108
404,4785.223978919631,571.3109354413702
405,4520.699614890886,487.70346598202826
406,6111.059050064185,474.06418485237486
407,3886.744372990354,314.65434083601286
408,4727.774774774774,465.0617760617761
409,5527.358514724712,543.6760563380282
410,6443.878048780488,802.2079589216945
411,9133.364916773367,700.8476312419974
412,9102.122186495177,644.7154340836013
413,7058.2170418006435,890.0192926045016
414,6427.97695262484,484.14084507042253
415,6234.834615384615,521.2807692307692
416,11012.00637755102,1398.3890306122448
417,7633.281129653402,804.002567394095
418,5275.851804123711,551.5528350515464
419,5311.158163265306,852.0612244897959
420,4540.3408360128615,403.1897106109325
421,9588.251275510203,1014.390306122449
422,4559.059948979592,464.5229591836735
423,10828.403397027601,1886.1305732484077
424,6925.756097560976,773.421052631579
425,3237.659793814433,434.3814432989691
426,5068.396662387677,633.839537869063
427,7643.243980738363,771.0930979133226
428,6287.5048231511255,526.5755627009646
429,5321.144694533762,429.4260450160772
430,8632.471061093247,699.9131832797427
431,9524.926829268292,1002.4544287548139
432,10982.871173469388,1554.7283163265306
433,5360.865429234339,615.7331786542924
434,9904.823151125402,741.6591639871383
435,3277.6919127086007,384.1630295250321
436,5509.484615384616,616.7410256410257
437,7366.717948717948,726.9448717948718
438,5153.723076923077,524.3269230769231
439,7294.942602040816,885.1364795918367
440,5156.078507078507,588.9626769626769
441,6328.351732991014,699.6534017971759
442,4379.133848133848,461.33590733590734
443,5251.096153846154,488.8551282051282
444,12188.706563706564,1423.1209781209782
445,8600.150773195875,1356.8659793814434
446,4932.165596919127,635.0564826700898
447,5307.622448979592,619.391581632653
448,8484.065468549423,741.9216944801027
449,11253.74647887324,1534.93085787452
450,8790.513513513513,1089.900900900901
451,5439.3239436619715,458.66325224071704
452,5149.841836734694,478.32525510204084
453,7775.446448703495,914.5749718151071
454,5794.123076923077,706.5833333333334
455,7371.391248391248,463.23423423423424
456,6190.5609756097565,895.3196405648267
457,4840.5530546623795,432.6897106109325
458,7582.117797695262,702.6722151088348
459,9176.75,1130.2015306122448
460,3736.0089743589742,345.28076923076924
461,4838.66537966538,476.5289575289575
462,4832.588461538461,606.2153846153847
463,6094.671373555841,969.4274711168164
464,10642.683673469388,1305.593112244898
465,7762.806658130602,604.6875800256082
466,7712.365853658536,755.7637997432606
467,13480.147625160462,1613.6508344030808
468,6669.660714285715,754.5841836734694
469,11901.456632653062,1520.6301020408164
470,13111.742268041236,1774.9703608247423
471,7109.752411575562,590.2041800643087
472,5204.651785714285,692.9515306122449
473,3552.3016688061616,486.5186136071887
474,7526.818414322251,736.806905370844
475,6473.81443298969,981.9342783505155
476,5851.6038461538465,649.7987179487179
477,6213.688102893891,449.887459807074
478,6806.948979591837,699.3928571428571
479,11230.879795396419,1328.8286445012789
480,4935.890306122449,623.4604591836735
481,5155.379001280409,476.7144686299616
482,8334.617647058823,920.9066496163683
483,4948.424358974359,650.0179487179487
484,7717.669642857143,739.8635204081633
485,4871.011254019292,420.9871382636656
486,4266.7432605905005,520.0231065468549
487,6999.2997448979595,676.7742346938776
488,3686.3188775510203,388.0012755102041
489,7306.367948717949,649.6294871794872
490,8249.728295819936,1063.7202572347267
491,6746.462033462033,527.2921492921492
492,7859.125407166124,1156.2475570032573
493,8295.668806161746,808.2618741976894
494,7649.296178343949,1079.6061571125265
495,5154.718146718146,394.9034749034749
496,7728.900510204082,830.2525510204082
497,9062.122919334188,1116.3572343149808
498,6996.5337620578775,884.5675241157556
499,5155.988416988417,737.6782496782497
500,5354.036977491962,395.55627009646304
501,5378.180064308682,587.8102893890675
502,10823.524547803618,1519.653746770026
503,6698.198717948718,470.5910256410256
504,6673.158163265306,953.405612244898
505,4776.280566280566,594.6113256113256
506,7581.344030808729,841.7021822849807
507,8455.770218228497,663.777920410783
508,6767.6997422680415,662.5128865979382
509,6125.062740076824,518.3124199743918
510,8196.739409499358,842.2002567394095
511,5662.320153061224,810.5982142857143
512,5510.978523489933,1287.971812080537
513,18179.089285714286,2096.3354591836733
514,5756.009646302251,603.9662379421222
515,9058.152759948653,738.3080872913993
516,5879.084724005134,760.5481386392811
517,5962.438735177866,650.9222661396575
518,5865.123595505618,504.3097913322632
519,5306.320153061224,559.0765306122449
520,3869.7321428571427,413.0573979591837
521,5181.014120667523,426.4929396662388
522,8222.889245585875,633.0224719101124
523,15530.605867346938,1782.9119897959183
524,7710.819523269012,818.5017026106697
525,10233.026819923372,875.5670498084291
526,10630.231457800512,1456.700767263427
527,10734.693982074265,1000.4903969270166
528,10704.444159178434,955.4492939666238
529,7823.783163265306,761.1926020408164
530,4634.323399558499,750.8057395143488
531,4901.934948979592,600.6071428571429
532,10894.865211810013,1278.9075738125803
533,9659.648648648648,902.2316602316603
534,7519.556982343499,568.6966292134831
535,8115.771501925546,922.6136071887034
536,8323.613607188703,883.0346598202824
537,5580.178893178893,604.2329472329473
538,3859.0242346938776,567.9247448979592
539,11310.963022508038,1142.2797427652733
540,5648.990353697749,391.3118971061093
541,6720.812580231065,857.0834403080873
542,6246.641479099679,531.6398713826367
543,2790.3802816901407,240.18309859154928
544,14094.498717948718,1845.071794871795
545,10635.256739409499,1026.8177150192555
546,13681.53443877551,1621.279336734694
547,5752.490353697749,442.2475884244373
548,5066.426527958388,400.4005201560468
549,4642.716836734694,547.7130102040817
550,5973.627400768246,496.6491677336748
551,6559.378826530612,987.7423469387755
552,7721.866837387965,689.8962868117798
553,7038.598455598456,638.7464607464608
554,4481.014030612245,546.015306122449
555,5173.860353130016,479.0256821829856
556,7178.753512132823,830.7241379310345
557,4383.079691516709,676.0167095115681
558,3241.5242346938776,453.02933673469386
559,5882.961538461538,750.2782051282052
560,13612.859437751003,1640.2771084337348
561,6913.826700898588,682.9152759948652
562,17969.55626326964,3105.0530785562632
563,5513.492268041237,702.6237113402062
564,5528.115532734275,488.6341463414634
565,6636.4172015404365,792.3170731707318
566,4904.639030612245,544.843112244898
567,5241.504492939666,671.4197689345315
568,4877.496798975672,413.90012804097313
569,4519.556122448979,652.8520408163265
570,4535.404364569961,661.790757381258
571,7742.750803858521,575.6382636655949
572,6888.75,571.5154639175257
573,3974.773311897106,335.40514469453376
574,8898.217503217504,666.5740025740025
575,5367.566613162119,492.95666131621186
576,6982.517857142857,965.0701530612245
577,4953.4170918367345,583.3762755102041
578,8164.39178690344,773.6392896781354
579,8294.347881899872,911.4017971758665
580,10197.661989795919,1602.7474489795918
581,5333.718870346598,587.6469833119384
582,7023.083120204604,863.3184143222506
583,4311.907692307693,449.08076923076925
584,4734.89628681178,433.43405889884764
585,5675.156887755102,862.9987244897959
586,15131.960051546392,2361.4149484536083
587,9663.285714285714,685.6886035313001
588,6154.610969387755,661.1466836734694
589,4672.622192866578,493.8678996036988
590,4984.169884169884,391.5997425997426
591,5700.705276705276,498.72200772200773
592,4448.5109114249035,570.01026957638
593,9507.956632653062,1231.766581632653
594,4155.866071428572,456.67602040816325
595,15019.109693877552,1763.4132653061224
596,4505.818877551021,698.3864795918367
597,5080.224646983312,727.5250320924262
598,5892.2926045016075,728.6012861736334
599,9769.727040816326,875.5637755102041
600,6996.617346938776,619.2538265306123
601,4875.769526248399,394.29065300896286
602,6300.167733674776,614.1971830985915
603,6933.314136125655,945.6348167539267
604,7963.988745980708,591.7636655948553
605,7026.735218508998,508.7146529562982
606,5839.210459183673,620.8214285714286
607,3901.910485933504,414.07544757033247
608,9326.971794871795,942.5756410256411
609,4638.048469387755,504.6198979591837
610,4197.630295250321,520.3992297817715
611,5792.303858520901,490.524115755627
612,6816.088282504013,424.1781701444623
613,6728.372122762148,1000.8503836317135
614,6590.615384615385,941.1858974358975
615,9712.421254801537,1240.1075544174137
616,8487.512195121952,830.421052631579
617,6359.165384615385,574.6948717948718
618,6830.578745198463,505.5672215108835
619,4303.602893890676,428.88263665594855
620,7773.766881028939,709.3585209003215
621,5916.224646983312,806.4967907573813
622,4317.961734693878,430.0
623,7127.467447916667,832.2096354166666
624,7019.06675224647,682.8831835686777
625,6300.195121951219,616.8536585365854
626,9382.529487179487,829.624358974359
627,5991.252240717029,615.617157490397
628,6231.0829081632655,762.9387755102041
629,7652.739549839228,678.6382636655949
630,6935.852374839538,793.5763799743261
631,5400.307397959184,638.4413265306123
632,7028.774234693878,903.6135204081633
633,7207.2170418006435,549.7797427652733
634,6713.289743589744,651.2025641025641
635,5909.244871794872,596.7166666666667
636,5927.699839486357,714.8218298555378
637,8707.263665594855,693.0643086816721
638,6009.605177993528,507.7135922330097
639,4734.697047496791,485.98331193838254
640,11533.978177150193,879.5083440308088
641,5764.295250320924,538.0641848523749
642,3652.7098844672655,479.8818998716303
643,7994.431122448979,1020.2436224489796
644,9353.057432432432,1029.5135135135135
645,10730.2574002574,1327.2921492921494
646,5025.926045016077,706.4083601286173
647,5774.5752551020405,677.4910714285714
648,6573.996173469388,609.8214285714286
649,3683.7923076923075,386.67820512820515
650,6391.008038585209,663.8247588424438
651,7615.865211810013,948.4197689345315
652,6637.632992327366,681.0153452685422
653,5915.504492939666,500.17971758664953
654,6475.152564102564,684.1833333333333
655,8031.711168164314,687.4467265725289
656,3245.192061459667,379.1664532650448
657,6054.715206185567,766.1546391752578
658,6058.83055198973,598.6264441591784
659,5643.966709346991,685.0717029449423
660,4616.599678456591,497.46945337620576
661,7157.221066319896,589.0884265279584
662,8439.524234693878,771.3456632653061
663,4786.2258916776755,652.9260237780713
664,4946.3564102564105,602.4089743589743
665,8207.252903225806,1259.189677419355
666,7016.610038610039,654.8378378378378
667,8786.501915708812,793.330779054917
668,8940.853316326531,1156.7295918367347
669,4514.2347266881025,393.92122186495175
670,6589.94847020934,700.5958132045089
671,5935.5,593.8569131832797
672,8837.105128205128,1389.2141025641026
673,7126.018018018018,582.7335907335907
674,8193.349865951743,1014.1219839142091
675,4278.189500640205,448.37131882202306
676,7687.464052287582,1687.5936819172114
677,7938.98231511254,637.6736334405144
678,7299.937098844673,825.3196405648267
679,9943.924744897959,1061.4183673469388
680,5205.306122448979,791.0191326530612
681,3561.5071707953066,488.9400260756193
682,11207.408704883228,1758.8428874734607
683,9147.085459183674,878.3022959183673
684,7721.36655948553,619.2106109324759
685,6630.550706033376,612.4531450577664
686,6250.410256410257,753.7179487179487
687,8372.464698331194,734.3838254172016
688,3615.8333333333335,364.1474358974359
689,7046.112676056338,713.4519846350832
690,5589.987163029525,792.1514762516047
691,8371.011553273427,621.3106546854942
692,6588.4172015404365,797.0654685494223
693,6607.938540332906,494.5339308578745
694,8047.522508038585,776.3183279742765
695,5393.123234916559,513.8793324775353
696,7850.139030612245,995.5892857142857
697,10656.173299101412,1004.6418485237484
698,15564.119897959185,1936.6122448979593
699,8320.129242819843,978.2140992167102
700,4356.482166446499,527.1360634081902
701,5778.974276527331,629.6479099678456
702,4373.971061093248,347.21864951768487
703,3290.5340179717587,352.5571245186136
704,10393.865900383142,1077.5478927203064
705,7967.267008985879,959.3324775353017
706,5743.2652733118975,524.4324758842444
707,8319.731707317073,913.9537869062901
708,4571.989825581395,472.95348837209303
709,9886.915816326531,1297.7372448979593
710,4546.652733118971,373.1864951768489
711,6914.39165329053,511.3194221508828
712,6421.442122186495,574.676848874598
713,10718.055198973043,1313.7663671373555
714,4553.947232947233,331.1222651222651
715,6491.095360824742,675.4033505154639
716,5717.081993569132,454.3086816720257
717,5552.894736842105,559.421052631579
718,7911.313700384123,855.2394366197183
719,5383.604501607717,456.7524115755627
720,7166.128826530612,717.4795918367347
721,7673.413265306122,756.204081632653
722,9836.646683673469,1583.0663265306123
723,7032.10371318822,566.8386683738796
724,6812.905006418485,699.1065468549423
725,5747.4247448979595,595.3571428571429
726,11048.673076923076,1064.5333333333333
727,4529.290653008963,452.8335467349552
728,5245.70785070785,458.06048906048903
729,10548.913992297817,1082.3350449293966
730,8055.372448979592,984.2755102040817
731,9249.2293814433,950.9175257731958
732,5816.439411098528,661.4597961494903
733,14933.288747346072,3403.458598726115
734,5980.523748395379,566.0513478818999
735,5518.541025641026,544.3371794871795
736,5244.075562700965,509.2829581993569
737,6117.901155327343,898.4120667522465
738,8508.600770218229,701.7150192554557
739,9557.665594855305,765.3038585209003
740,6978.176696542893,509.15108834827146
741,7619.468112244898,920.2308673469388
742,8025.888318356868,872.7766367137356
743,3816.5897435897436,418.3282051282051
744,7457.067768595041,834.8115702479339
745,7499.078205128205,709.6294871794872
746,6039.549295774648,509.04993597951346
747,8027.1461538461535,701.3474358974358
748,5737.6765083440305,487.65725288831834
749,5189.860077021823,636.4313222079589
750,4997.352090032155,402.8022508038585
751,4216.215661103979,573.7432605905007
752,5251.659820282413,459.3992297817715
753,8710.279845956355,764.3157894736842
754,8086.957800511509,965.5588235294117
755,10483.216389244559,895.4199743918053
756,16574.816431322208,2346.5725288831836
757,6219.787644787645,535.8558558558559
758,4868.3669250646,636.8152454780362
759,7010.137355584082,774.4480102695763
760,7638.3642213642215,1227.2458172458173
761,8729.478316326531,994.9464285714286
762,3886.8899082568805,389.6356487549148
763,6125.251275510204,586.2755102040817
764,3538.9882659713167,396.2685788787484
765,8506.867438867439,710.7142857142857
766,6123.943729903537,529.7025723472669
767,6023.40306122449,615.297193877551
768,12991.838010204081,1345.4426020408164
769,10825.902335456476,3081.052016985138
770,6477.788189987163,733.2605905006418
771,6722.011254019292,689.0225080385852
772,3582.199233716475,488.1353767560664
773,5716.108834827145,791.8553137003842
774,5493.743622448979,713.4158163265306
775,8690.889067524116,621.0948553054662
776,4804.806701030928,534.5682989690722
777,3991.3504492939664,350.5109114249037
778,5901.257234726688,800.491961414791
779,7128.521794871795,700.0833333333334
780,6547.1884615384615,788.9948717948718
781,4922.442307692308,672.9589743589744
782,5488.799743260591,513.2130937098844
783,6860.185421994885,678.6675191815857
784,7751.309370988447,825.1668806161746
785,6511.518613607189,561.3915275994865
786,3563.674358974359,553.0205128205129
787,10227.147435897436,1141.9679487179487
788,17961.914540816328,1717.9017857142858
789,3380.011583011583,469.2097812097812
790,7453.021766965429,682.3597951344431
791,7668.776636713736,810.3992297817715
792,7389.373555840822,691.7265725288831
793,4832.121951219512,457.8587933247754
794,3083.8128205128205,521.8294871794872
795,4553.673940949936,467.29910141206676
796,7244.772785622593,667.7971758664955
797,4208.231511254019,414.4951768488746
798,7468.274358974359,900.5910256410257
799,9894.987163029526,898.6315789473684
800,5337.432605905006,499.31450577663674
801,4845.2295918367345,474.3813775510204
802,6841.0752551020405,522.9910714285714
803,6047.678803641093,492.0949284785436
804,4922.186495176848,440.39871382636653
805,6084.228295819936,572.4292604501608
806,6808.287781350482,525.323151125402
807,9820.042253521127,982.1152368758003
808,7291.133333333333,601.3910256410256
809,9393.61489088575,802.2130937098844
810,5930.421052631579,488.8408215661104
811,4132.038265306122,682.7704081632653
812,6366.778205128205,776.4487179487179
813,5810.714285714285,650.2406692406693
814,8476.763427109974,695.2659846547315
815,8395.837620578779,815.4372990353697
816,5133.07702182285,742.6264441591784
817,21757.48341836735,3130.5739795918366
818,6110.572343149808,635.2637644046094
819,6091.100765306122,539.954081632653
820,12085.850482315112,1089.5916398713825
821,6937.491071428572,851.1428571428571
822,7737.664540816327,636.6849489795918
823,5802.383928571428,570.0012755102041
824,6834.3125,862.8239795918367
825,4562.921221864952,537.0546623794212
826,8839.186855670103,771.0863402061856
827,12771.665389527458,1663.441890166028
828,5199.946153846154,587.0653846153846
829,5920.669654289372,790.9206145966709
830,6174.879487179487,526.4589743589744
831,12689.002567394095,1576.961489088575
832,6550.293213828425,554.4417413572343
833,5511.350449293966,506.18228498074456
834,5868.5420918367345,639.4362244897959
835,5174.633289986996,657.553966189857
836,5906.002564102564,711.4615384615385
837,3473.721704394141,460.1531291611185
838,7987.2723785166245,817.7314578005115
839,5127.158163265306,647.0625
840,7319.0204081632655,1055.8354591836735
841,2972.608974358974,412.1730769230769
842,18574.79581993569,1149.242765273312
843,9468.706632653062,1116.2448979591836
844,4178.712451861361,454.2284980744544
845,4828.561855670103,357.9072164948454
846,9224.637997432606,864.620025673941
847,7111.761597938144,1010.7538659793814
848,6630.602883355177,753.1743119266055
849,8155.218112244898,889.1390306122449
850,6193.765847347995,652.2108667529108
851,5453.463022508038,469.69614147909965
852,4606.513444302177,583.9308578745198
853,9243.104247104247,1020.2509652509652
854,6577.1435897435895,680.7346153846154
855,5762.671814671815,614.3603603603603
856,7142.380102040816,957.8864795918367
857,7446.322663252241,922.9833546734956
858,4755.604501607717,418.0996784565916
859,7503.749196141479,726.2524115755627
860,5781.333759590792,732.0485933503836
861,3500.3494764397906,509.5523560209424
862,8565.13392857143,1118.1454081632653
863,7707.847801578354,918.7023675310033
864,4268.436293436293,587.967824967825
865,7566.584082156611,637.160462130937
866,6873.391805377721,486.00384122919337
867,4329.221590909091,410.0977272727273
868,9578.29961587708,652.1075544174136
869,5973.307692307692,870.0846153846154
870,6929.204663212436,868.5608808290156
871,6260.498079385403,479.62996158770807
872,8536.406931964057,821.7252888318357
873,3833.344871794872,456.2564102564103
874,4583.692602040816,509.76785714285717
875,5061.662387676508,470.23106546854945
876,9228.909921671018,1016.9791122715404
877,6331.502481389578,873.4937965260546
878,8720.084615384616,795.7294871794871
879,3762.983922829582,347.3263665594855
880,7507.059202059202,790.2548262548263
881,4203.016688061617,620.405648267009
882,6607.352405721716,842.3420026007802
883,4768.650834403081,502.61745827984595
884,5536.90996784566,530.0691318327974
885,5458.6752577319585,729.2448453608248
886,6442.724005134788,609.0012836970475
887,6887.370466321244,577.1282383419689
888,7998.741071428572,743.4094387755102
889,4144.4371794871795,452.95384615384614
890,5729.583601286174,444.6768488745981
891,7976.407216494846,1097.4600515463917
892,7599.162820512821,780.0474358974359
893,6396.59003215434,827.8536977491962
894,8468.47989623865,1034.7120622568093
895,9329.359073359074,881.7207207207207
896,6937.665816326531,1087.7448979591836
897,3492.9447300771208,345.61053984575835
898,6615.434782608696,710.9194373401534
899,5268.315384615385,562.5115384615384
900,5844.512861736334,549.0257234726688
901,7231.0420918367345,638.7066326530612
902,4886.471061093248,628.9405144694534
903,11737.745980707396,817.7765273311898
904,6016.757234726688,513.9887459807074
905,8530.25160462131,1267.4505776636713
906,10929.289372599233,1270.8450704225352
907,6270.749679075738,829.3286264441592
908,4234.8271446863,363.07426376440463
909,10728.983525535421,1020.0939044481055
910,5708.80641025641,573.5705128205128
911,9884.908163265307,909.420918367347
912,5765.9795918367345,758.6454081632653
913,8892.161082474227,1162.458762886598
914,9506.707908163266,1133.4285714285713
915,6338.1077170418,513.6816720257235
916,5382.226804123711,704.5567010309278
917,6702.944801026958,741.2862644415918
918,5187.271794871795,552.9435897435898
919,5536.381642512078,676.6489533011272
920,5764.196141479099,581.6848874598071
921,9473.894871794872,1094.5935897435897
922,7405.846451612903,713.4245161290322
923,5315.344387755102,640.0956632653061
924,4752.883183568678,450.14505776636713
925,6693.711313394018,1198.8751625487646
926,7260.587933247753,542.630295250321
927,6553.611398963731,871.4067357512953
928,8014.682926829269,692.612323491656
929,5815.345663265306,711.1581632653061
930,7150.1578947368425,1170.7008985879334
931,3588.8388571428573,441.7017142857143
932,7395.208667736758,731.0674157303371
933,7331.4794871794875,905.2923076923076
934,6763.620025673941,679.6110397946085
935,5650.705357142857,600.4260204081633
936,7056.284980744545,891.3863928112966
937,7232.900128040973,585.4865556978233
938,9408.114795918367,963.7079081632653
939,5977.849807445443,576.5096277278562
940,7252.592307692307,743.0179487179487
941,5030.638263665594,554.0948553054662
942,6058.364916773367,470.41741357234315
943,6969.183568677792,605.8241335044929
944,7930.507653061224,1229.5242346938776
945,4374.955357142857,530.8864795918367
946,4203.427471116816,532.6367137355584
947,8392.398184176394,1140.2970168612192
948,6936.760775862069,1712.427801724138
949,5350.006377551021,496.9119897959184
950,5742.317419354838,562.3135483870968
951,7776.97946084724,718.8331193838254
952,6568.048231511254,530.2202572347267
953,5323.455242966752,542.5946291560102
954,6966.048780487805,905.397946084724
955,4719.5494223363285,456.7021822849807
956,3855.9123711340208,496.2860824742268
957,7898.885204081633,850.6683673469388
958,4244.432397959184,562.7321428571429
959,7051.434948979592,744.5956632653061
960,6723.600512163893,553.0614596670935
961,6521.935815147625,688.8356867779204
962,6690.6148825065275,908.748041775457
963,10764.320924261874,1016.2130937098844
964,9759.972797927461,1395.30310880829
965,8484.763124199744,905.4852752880922
966,4818.078305519897,610.2567394094993
967,8641.172015404365,923.3247753530167
968,7191.976923076923,875.9666666666667
969,3503.4662251655627,599.1337748344371
970,3295.742637644046,400.16901408450707
971,8270.106080206986,985.3285899094437
972,3422.545584045584,387.8034188034188
973,6440.985879332477,789.8729139922979
974,11540.95498392283,1561.4212218649518
975,7715.736842105263,743.8331193838254
976,6974.965340179718,717.7394094993582
977,4774.142857142857,510.58105939004815
978,7213.574358974359,971.5769230769231
979,6264.460358056266,636.3823529411765
980,7019.6161745827985,554.7676508344031
981,7308.912820512821,754.225641025641
982,8058.279487179487,691.6628205128205
983,10259.789405684754,1379.9302325581396
984,6067.219072164949,740.3492268041238
985,8387.258687258687,774.7541827541828
986,6220.2525906735755,828.0867875647668
987,6847.355867346939,867.4655612244898
988,4698.071428571428,722.5076530612245
989,5242.463022508038,573.5450160771704
990,6409.134615384615,573.4807692307693
991,5756.765083440308,536.7509627727857
992,5715.991014120667,701.1424903722722
993,7618.029487179487,752.8294871794872
994,4539.516046213093,442.01155327342747
995,9264.346153846154,788.1205128205128
996,6510.0469361147325,696.7144719687093
997,5157.918053777209,412.3226632522407
998,4316.940797940798,534.2767052767052
999,9183.744871794872,660.401282051282
1000,7452.612540192926,681.1495176848874
1001,5420.721227621483,621.002557544757
1002,6063.507653061224,717.3686224489796
1003,7382.803594351733,773.1065468549423
1004,5165.445337620578,451.9003215434084
1005,6205.9807445442875,936.6919127086007
1006,6371.961538461538,866.2525641025641
1007,6996.2040816326535,816.1454081632653
1008,5331.103316326531,716.6517857142857
1009,4772.184887459807,458.1495176848875
1010,8874.156887755102,807.4706632653061
1011,7878.237483953787,943.3273427471116
1012,6049.710610932476,517.0128617363345
1013,3993.560975609756,443.1412066752246
1014,12206.806161745828,1349.6469833119384
1015,6040.029525032092,492.4749679075738
1016,5409.414634146341,500.19255455712454
1017,7203.429128738621,1015.7542262678803
1018,11748.342710997442,1359.4782608695652
1019,9071.00481540931,753.5682182985554
1020,9032.451984635083,1109.910371318822
1021,8877.748051948052,1062.009090909091
1022,7325.00513478819,823.0231065468549
1023,6152.617948717949,630.1679487179487
1024,6135.470663265306,785.4336734693877
1025,7425.501288659794,866.6997422680413
1026,9495.616174582798,1180.2888318356868
1027,13104.088282504013,1657.9325842696628
1028,4732.635430038511,546.5802310654685
1029,5416.497435897436,757.7217948717948
1030,3610.6705128205126,331.9179487179487
1031,4843.85622593068,417.96919127086005
1032,9195.198717948719,964.276923076923
1033,13865.140306122448,1299.2308673469388
1034,6503.775641025641,728.3974358974359
1035,4876.658974358975,577.4653846153847
1036,4986.202824133505,471.594351732991
1037,6906.44358974359,873.9474358974359
1038,5897.262057877813,513.4372990353697
1039,8181.42542153048,1037.385214007782
1040,8697.509627727855,866.1540436456996
1041,6111.715434083601,655.9726688102894
1042,4131.250320924262,546.8575096277278
1043,8792.828205128206,1206.9807692307693
1044,6622.019305019305,894.7554697554698
1045,7535.886749716874,915.246885617214
1046,8698.353846153846,684.0641025641025
1047,4885.469072164949,525.6469072164948
1048,6887.168582375479,531.5823754789272
1049,3985.379421221865,636.2572347266881
1050,7389.514724711908,517.7234314980794
1051,7490.758485639687,1006.3446475195823
1052,7269.395378690629,756.0770218228498
1053,8932.307397959185,1009.7729591836735
1054,6034.232142857143,616.9757653061224
1055,7914.593869731801,990.4061302681993
1056,3877.298555377207,369.8362760834671
1057,6423.996173469388,640.4119897959183
1058,7263.338896020539,700.9101412066752
1059,8424.552295918367,1153.751275510204
1060,7327.31322207959,848.1065468549423
1061,7378.339768339768,554.7310167310168
1062,6405.9807445442875,592.428754813864
1063,4271.286989795918,530.9451530612245
1064,9455.578947368422,1067.8587933247754
1065,4198.162379421222,485.2636655948553
1066,11073.919127086008,1125.9268292682927
1067,5756.186495176848,490.37299035369773
1068,4441.53667953668,309.5444015444015
1069,6305.269820971867,794.7020460358057
1070,7034.711734693878,867.952806122449
1071,6027.225765306122,728.6198979591836
1072,6821.911424903723,642.0731707317074
1073,7276.792041078305,918.2631578947369
1074,5146.24358974359,555.6076923076923
1075,11485.389030612245,1092.7602040816328
1076,3620.02567394095,545.4492939666238
1077,4489.767650834403,495.93966623876764
1078,6808.079794079794,523.6293436293437
1079,8685.312419974392,689.3265044814341
1080,10190.765273311898,841.5305466237942
1081,5924.919418758256,937.1783355350066
1082,7044.78717948718,1034.696153846154
1083,5146.368758002561,360.65044814340587
1084,6271.369565217391,807.9590792838875
1085,7567.2334183673465,760.3201530612245
1086,7677.409731113957,839.134443021767
1087,6282.202806122449,615.4808673469388
1088,5084.703465982028,485.14762516046216
1089,10160.761232349165,1002.5750962772786
1090,6453.071794871795,785.6602564102565
1091,8276.345663265307,697.1913265306123
1092,11960.538585209004,1165.022508038585
1093,8338.826923076924,869.45
1094,4574.715434083601,373.84244372990355
1095,4781.415601023018,677.8324808184143
1096,5456.523748395379,633.0629011553274
1097,9744.599787685775,2420.9214437367305
1098,5259.497435897436,709.0769230769231
1099,7743.111982082867,979.94960806271
1100,5405.1543450064855,667.3190661478599
1101,9972.266581632653,988.4502551020408
1102,6999.988745980708,706.4774919614148
1103,5019.544174135724,385.66453265044817
1104,5461.434083601286,431.2138263665595
1105,4564.572528883184,510.0359435173299
1106,4894.095663265306,557.6135204081633
1107,6231.720706260032,668.5313001605136
1108,5746.921794871795,590.2666666666667
1109,4927.204180064308,452.3376205787781
1110,4531.910600255428,540.176245210728
1111,5251.702182284981,451.7111681643132
1112,10236.577663671373,838.6084724005135
1113,6627.859693877551,717.0293367346939
1114,20666.5625,3200.9464285714284
1115,6302.469910371319,432.62996158770807
